{
    "model_name": "XGBoost",
    "test_accuracy": 0.7,
    "test_balanced_accuracy": 0.666383701188455,
    "test_f1_macro": 0.6703296703296704,
    "confusion_matrix": [
        [
            20,
            18
        ],
        [
            12,
            50
        ]
    ]
}